{
    "subNum": 1088,
    "subjectID": "64063cb9ad66c9a964814b0e",
    "taskData_b11_t10": {
        "SRO": {
            "activeManipulation": null,
            "duration": 3273.9000000059605,
            "time_elapsed": 3808353,
            "stimType": "planet_red",
            "keyPressSummary": [
                {
                    "key_pressed": "j",
                    "key_rt": 1138.800000011921
                },
                {
                    "key_pressed": "l",
                    "key_rt": 1321.300000011921
                },
                {
                    "key_pressed": "k",
                    "key_rt": 1562.9000000059605
                }
            ],
            "rewardType": "red",
            "total_cost": -3,
            "isWin": true,
            "startTime": 3851788,
            "sequenceCompleted": 1,
            "key_press_info": null,
            "outcomes_count": {
                "blue": 3,
                "ice": 0,
                "gold": 1294,
                "under_ice": [],
                "red": 2
            },
            "isHiddenOutcome": false
        },
        "fixation": {
            "startTime": 3849427.099999994,
            "duration": 501.40000000596046,
            "time_elapsed": 3803220,
            "key_press_info": []
        },
        "blockType": "dual",
        "gamble": {
            "gamble_type": "hard",
            "choose_gamble_info": {
                "startTime": 3855066.5,
                "duration": 1285.9000000059605,
                "time_elapsed": 3809644,
                "key_press_info": [
                    {
                        "rt": 675.9000000059605,
                        "key_char": "s",
                        "key": 83,
                        "abs_time": 1694197190233,
                        "key_press_duration": 170.2000000178814,
                        "correct_key": true,
                        "time_in_experiment": 3855742.599999994,
                        "local_time": "2023-09-08T18:19:50.233000+00:00"
                    }
                ]
            },
            "chosen_gamble": [
                4,
                0.45
            ],
            "choice_rt": 675.9000000059605,
            "chosen_direction": "right",
            "chosen_location": "arrow_bottom",
            "choice_key": "s",
            "view_gamble_info": {
                "startTime": 3849932.700000018,
                "duration": 1846.699999988079,
                "time_elapsed": 3805071,
                "key_press_info": []
            },
            "gambles": {
                "bottom": [
                    4,
                    0.45
                ],
                "top": [
                    7,
                    0.35
                ]
            }
        }
    },
    "fb_id": "Sq3Zktagb2grg5Ejt347XhDSzrx1_19_21_23"
}